{
  "urls": [
    "ch0.m4a",
    "ch0.ogg",
    "ch0.mp3"
  ],
  "sprite": {
    "BetUp": [
      0,
      773.5147392290249
    ],
    "BetDown": [
      1050,
      844.625850340136
    ],
    "BetMax": [
      2100,
      1874.1950113378682
    ],
    "IntroMusic_stereo_44k": [
      4149.999999999999,
      9538.208616780046
    ]
  }
}