{
  "urls": [
    "ch1.m4a",
    "ch1.ogg",
    "ch1.mp3"
  ],
  "sprite": {
    "BetUp": [
      0,
      773.5147392290249
    ],
    "BetDown": [
      1050,
      844.625850340136
    ],
    "Buy": [
      2100,
      3800.5668934240366
    ]
  }
}