{
  "urls": [
    "ch2.m4a",
    "ch2.ogg",
    "ch2.mp3"
  ],
  "sprite": {
    "WinNumReveal": [
      0,
      939.8185941043083
    ],
    "WheelBonusChant": [
      1050,
      9474.965986394558
    ],
    "MapLevelLoop": [
      11100.000000000002,
      76800.00000000001
    ]
  }
}