{
  "urls": [
    "ch4.m4a",
    "ch4.ogg",
    "ch4.mp3"
  ],
  "sprite": {
    "Ping": [
      0,
      982.766439909297
    ],
    "DrumRoll": [
      1050,
      18806.666666666668
    ],
    "WheelSpin_Start": [
      20100,
      773.2426303854893
    ],
    "WheelSpin_Spin": [
      21150.000000000004,
      848.2539682539674
    ],
    "WheelSpin_Stop": [
      22200.000000000004,
      6908.027210884356
    ],
    "WheelStop_Win": [
      29250.000000000004,
      2153.1065759637186
    ],
    "WheelStop_NoWin": [
      32300.000000000004,
      733.8775510204059
    ]
  }
}