{
  "urls": [
    "ch6.m4a",
    "ch6.ogg",
    "ch6.mp3"
  ],
  "sprite": {
    "BGMusicLoop": [
      0,
      96009.25170068027
    ],
    "BonusWheelEnd": [
      97050,
      3499.9546485260707
    ]
  }
}