{
  "urls": [
    "ch7.m4a",
    "ch7.ogg",
    "ch7.mp3"
  ],
  "sprite": {
    "FuelFound": [
      0,
      1616.5986394557824
    ],
    "WheelSpinLoop": [
      2050,
      6734.693877551022
    ]
  }
}