{
  "urls": [
    "ch9.m4a",
    "ch9.ogg",
    "ch9.mp3"
  ],
  "sprite": {
    "Click": [
      0,
      99.7732426303855
    ],
    "EngineTransition": [
      1050,
      3083.265306122449
    ]
  }
}